{
	"partitions" : [
		{
			"name" : "Top",
			"pins" : [
				{
					"name" : "pin_name1",
					"strict" : false
				},
				{
					"name" : "C2",
					"strict" : false
				},
				{
					"name" : "S0",
					"strict" : false
				},
				{
					"name" : "C1",
					"strict" : false
				},
				{
					"name" : "S1",
					"strict" : false
				},
				{
					"name" : "C3",
					"strict" : false
				},
				{
					"name" : "C0",
					"strict" : false
				},
				{
					"name" : "C5",
					"strict" : false
				},
				{
					"name" : "C6",
					"strict" : false
				},
				{
					"name" : "C7",
					"strict" : false
				},
				{
					"name" : "C4",
					"strict" : false
				},
				{
					"name" : "S2",
					"strict" : false
				}
			]
		}
	]
}