{
	"partitions" : [
		{
			"name" : "Top",
			"pins" : [
				{
					"name" : "F",
					"strict" : false
				},
				{
					"name" : "BB3",
					"strict" : false
				},
				{
					"name" : "AA3",
					"strict" : false
				},
				{
					"name" : "BB2",
					"strict" : false
				},
				{
					"name" : "AA2",
					"strict" : false
				},
				{
					"name" : "BB1",
					"strict" : false
				},
				{
					"name" : "BB0",
					"strict" : false
				},
				{
					"name" : "AA0",
					"strict" : false
				},
				{
					"name" : "AA1",
					"strict" : false
				}
			]
		}
	]
}