{
	"partitions" : [
		{
			"name" : "Top",
			"pins" : [
				{
					"name" : "A3",
					"strict" : false
				},
				{
					"name" : "A2",
					"strict" : false
				},
				{
					"name" : "A1",
					"strict" : false
				},
				{
					"name" : "A0",
					"strict" : false
				},
				{
					"name" : "B2",
					"strict" : false
				},
				{
					"name" : "B3",
					"strict" : false
				},
				{
					"name" : "B1",
					"strict" : false
				},
				{
					"name" : "B0",
					"strict" : false
				},
				{
					"name" : "SA0",
					"strict" : false
				},
				{
					"name" : "SA1",
					"strict" : false
				},
				{
					"name" : "SA2",
					"strict" : false
				},
				{
					"name" : "SB0",
					"strict" : false
				},
				{
					"name" : "SB1",
					"strict" : false
				},
				{
					"name" : "SB2",
					"strict" : false
				},
				{
					"name" : "I3",
					"strict" : false
				},
				{
					"name" : "RESET",
					"strict" : false
				},
				{
					"name" : "I2",
					"strict" : false
				},
				{
					"name" : "I1",
					"strict" : false
				},
				{
					"name" : "I0",
					"strict" : false
				},
				{
					"name" : "L1",
					"strict" : false
				},
				{
					"name" : "w_enable",
					"strict" : false
				},
				{
					"name" : "CLK",
					"strict" : false
				},
				{
					"name" : "L2",
					"strict" : false
				},
				{
					"name" : "L0",
					"strict" : false
				}
			]
		}
	]
}