{
	"partitions" : [
		{
			"name" : "Top",
			"pins" : [
				{
					"name" : "sa2",
					"strict" : false
				},
				{
					"name" : "sa1",
					"strict" : false
				},
				{
					"name" : "sa0",
					"strict" : false
				},
				{
					"name" : "sb0",
					"strict" : false
				},
				{
					"name" : "sb1",
					"strict" : false
				},
				{
					"name" : "sb2",
					"strict" : false
				},
				{
					"name" : "sucess",
					"strict" : false
				},
				{
					"name" : "reset",
					"strict" : false
				},
				{
					"name" : "F",
					"strict" : false
				},
				{
					"name" : "Compair_enable",
					"strict" : false
				},
				{
					"name" : "CLK",
					"strict" : false
				},
				{
					"name" : "boardCLK",
					"strict" : false
				}
			]
		}
	]
}