{
	"partitions" : [
		{
			"name" : "Top",
			"pins" : [
				{
					"name" : "D0",
					"strict" : false
				},
				{
					"name" : "D1",
					"strict" : false
				},
				{
					"name" : "D2",
					"strict" : false
				},
				{
					"name" : "D3",
					"strict" : false
				},
				{
					"name" : "D4",
					"strict" : false
				},
				{
					"name" : "D5",
					"strict" : false
				},
				{
					"name" : "D7",
					"strict" : false
				},
				{
					"name" : "L2",
					"strict" : false
				},
				{
					"name" : "L0",
					"strict" : false
				},
				{
					"name" : "L1",
					"strict" : false
				}
			]
		}
	]
}