{
	"partitions" : [
		{
			"name" : "Top",
			"pins" : [
				{
					"name" : "FA2",
					"strict" : false
				},
				{
					"name" : "FA0",
					"strict" : false
				},
				{
					"name" : "FA1",
					"strict" : false
				},
				{
					"name" : "sucess",
					"strict" : false
				},
				{
					"name" : "FB0",
					"strict" : false
				},
				{
					"name" : "FB1",
					"strict" : false
				},
				{
					"name" : "FB2",
					"strict" : false
				},
				{
					"name" : "pin_name1",
					"strict" : false
				},
				{
					"name" : "pin_name2",
					"strict" : false
				},
				{
					"name" : "pin_name3",
					"strict" : false
				},
				{
					"name" : "pin_name4",
					"strict" : false
				},
				{
					"name" : "pin_name5",
					"strict" : false
				},
				{
					"name" : "pin_name6",
					"strict" : false
				},
				{
					"name" : "pin_name7",
					"strict" : false
				},
				{
					"name" : "pin_name8",
					"strict" : false
				},
				{
					"name" : "pin_name9",
					"strict" : false
				},
				{
					"name" : "pin_name10",
					"strict" : false
				},
				{
					"name" : "pin_name11",
					"strict" : false
				},
				{
					"name" : "pin_name12",
					"strict" : false
				},
				{
					"name" : "pin_name13",
					"strict" : false
				},
				{
					"name" : "pin_name14",
					"strict" : false
				},
				{
					"name" : "pin_name15",
					"strict" : false
				},
				{
					"name" : "pin_name16",
					"strict" : false
				},
				{
					"name" : "pin_name17",
					"strict" : false
				},
				{
					"name" : "pin_name18",
					"strict" : false
				},
				{
					"name" : "pin_name19",
					"strict" : false
				},
				{
					"name" : "pin_name20",
					"strict" : false
				},
				{
					"name" : "pin_name21",
					"strict" : false
				},
				{
					"name" : "pin_name22",
					"strict" : false
				},
				{
					"name" : "pin_name23",
					"strict" : false
				},
				{
					"name" : "pin_name24",
					"strict" : false
				},
				{
					"name" : "pin_name25",
					"strict" : false
				},
				{
					"name" : "pin_name26",
					"strict" : false
				},
				{
					"name" : "pin_name27",
					"strict" : false
				},
				{
					"name" : "pin_name28",
					"strict" : false
				},
				{
					"name" : "pin_name29",
					"strict" : false
				},
				{
					"name" : "pin_name30",
					"strict" : false
				},
				{
					"name" : "pin_name31",
					"strict" : false
				},
				{
					"name" : "pin_name32",
					"strict" : false
				},
				{
					"name" : "pin_name33",
					"strict" : false
				},
				{
					"name" : "pin_name34",
					"strict" : false
				},
				{
					"name" : "pin_name35",
					"strict" : false
				},
				{
					"name" : "pin_name36",
					"strict" : false
				},
				{
					"name" : "pin_name37",
					"strict" : false
				},
				{
					"name" : "pin_name38",
					"strict" : false
				},
				{
					"name" : "pin_name39",
					"strict" : false
				},
				{
					"name" : "pin_name40",
					"strict" : false
				},
				{
					"name" : "pin_name41",
					"strict" : false
				},
				{
					"name" : "pin_name42",
					"strict" : false
				},
				{
					"name" : "pin_name43",
					"strict" : false
				},
				{
					"name" : "pin_name44",
					"strict" : false
				},
				{
					"name" : "pin_name45",
					"strict" : false
				},
				{
					"name" : "pin_name46",
					"strict" : false
				},
				{
					"name" : "pin_name47",
					"strict" : false
				},
				{
					"name" : "pin_name48",
					"strict" : false
				},
				{
					"name" : "pin_name49",
					"strict" : false
				},
				{
					"name" : "pin_name50",
					"strict" : false
				},
				{
					"name" : "pin_name51",
					"strict" : false
				},
				{
					"name" : "pin_name52",
					"strict" : false
				},
				{
					"name" : "pin_name53",
					"strict" : false
				},
				{
					"name" : "pin_name54",
					"strict" : false
				},
				{
					"name" : "pin_name55",
					"strict" : false
				},
				{
					"name" : "pin_name56",
					"strict" : false
				},
				{
					"name" : "compair_sucess",
					"strict" : false
				},
				{
					"name" : "FSM_reset",
					"strict" : false
				},
				{
					"name" : "l3",
					"strict" : false
				},
				{
					"name" : "register_reset",
					"strict" : false
				},
				{
					"name" : "l2",
					"strict" : false
				},
				{
					"name" : "l1",
					"strict" : false
				},
				{
					"name" : "l0",
					"strict" : false
				},
				{
					"name" : "compair_enable",
					"strict" : false
				},
				{
					"name" : "la1",
					"strict" : false
				},
				{
					"name" : "la2",
					"strict" : false
				},
				{
					"name" : "write_enable",
					"strict" : false
				},
				{
					"name" : "la0",
					"strict" : false
				},
				{
					"name" : "clk",
					"strict" : false
				},
				{
					"name" : "boardclk",
					"strict" : false
				}
			]
		}
	]
}